bluebeam_subject,aisc_designation,member_type,notes
W12X26 BEAM,W12X26,structural,
W12X30 BEAM,W12X30,structural,
W12X35 BEAM,W12X35,structural,
W14X22 BEAM,W14X22,structural,
W14X30 BEAM,W14X30,structural,
W14X43 BEAM,W14X43,structural,
W14X48 BEAM,W14X48,structural,
W14X53 BEAM,W14X53,structural,
W14X61 BEAM,W14X61,structural,
W14X74 BEAM,W14X74,structural,
W16X26 BEAM,W16X26,structural,
W16X31 BEAM,W16X31,structural,
W16X36 BEAM,W16X36,structural,
W16X40 BEAM,W16X40,structural,
W16X45 BEAM,W16X45,structural,
W18X35 BEAM,W18X35,structural,
W18X40 BEAM,W18X40,structural,
W18X46 BEAM,W18X46,structural,
W18X50 BEAM,W18X50,structural,
W18X55 BEAM,W18X55,structural,
W18X60 BEAM,W18X60,structural,
W18X65 BEAM,W18X65,structural,
W21X44 BEAM,W21X44,structural,
W21X50 BEAM,W21X50,structural,
W21X55 BEAM,W21X55,structural,
W21X62 BEAM,W21X62,structural,
W21X68 BEAM,W21X68,structural,
W21X73 BEAM,W21X73,structural,
W24X55 BEAM,W24X55,structural,
W24X62 BEAM,W24X62,structural,
W24X68 BEAM,W24X68,structural,
W24X76 BEAM,W24X76,structural,
W24X84 BEAM,W24X84,structural,
W27X84 BEAM,W27X84,structural,
W27X94 BEAM,W27X94,structural,
W30X90 BEAM,W30X90,structural,
W30X99 BEAM,W30X99,structural,
W8X10 COLUMN,W8X10,structural,
W8X13 COLUMN,W8X13,structural,
W8X15 COLUMN,W8X15,structural,
W8X18 COLUMN,W8X18,structural,
W8X21 COLUMN,W8X21,structural,
W8X24 COLUMN,W8X24,structural,
W8X28 COLUMN,W8X28,structural,
W8X31 COLUMN,W8X31,structural,
W10X22 COLUMN,W10X22,structural,
W10X26 COLUMN,W10X26,structural,
W10X33 COLUMN,W10X33,structural,
W10X45 COLUMN,W10X45,structural,
W10X49 COLUMN,W10X49,structural,
W10X54 COLUMN,W10X54,structural,
W12X40 COLUMN,W12X40,structural,
W12X45 COLUMN,W12X45,structural,
W12X50 COLUMN,W12X50,structural,
W12X53 COLUMN,W12X53,structural,
W12X58 COLUMN,W12X58,structural,
W12X65 COLUMN,W12X65,structural,
W12X72 COLUMN,W12X72,structural,
W14X43 COLUMN,W14X43,structural,
W14X48 COLUMN,W14X48,structural,
W14X53 COLUMN,W14X53,structural,
W14X61 COLUMN,W14X61,structural,
W14X74 COLUMN,W14X74,structural,
W14X82 COLUMN,W14X82,structural,
W14X90 COLUMN,W14X90,structural,
W14X99 COLUMN,W14X99,structural,
W14X109 COLUMN,W14X109,structural,
W14X120 COLUMN,W14X120,structural,
W14X132 COLUMN,W14X132,structural,
HSS3X3X1/4 COLUMN,HSS3X3X1/4,structural,
HSS4X4X1/4 COLUMN,HSS4X4X1/4,structural,
HSS4X4X3/8 COLUMN,HSS4X4X3/8,structural,
HSS5X5X1/4 COLUMN,HSS5X5X1/4,structural,
HSS5X5X3/8 COLUMN,HSS5X5X3/8,structural,
HSS5X5X1/2 COLUMN,HSS5X5X1/2,structural,
HSS6X6X1/4 COLUMN,HSS6X6X1/4,structural,
HSS6X6X3/8 COLUMN,HSS6X6X3/8,structural,
HSS6X6X1/2 COLUMN,HSS6X6X1/2,structural,
HSS8X8X1/4 COLUMN,HSS8X8X1/4,structural,
HSS8X8X3/8 COLUMN,HSS8X8X3/8,structural,
HSS8X8X1/2 COLUMN,HSS8X8X1/2,structural,
HSS8X8X5/8 COLUMN,HSS8X8X5/8,structural,
HSS10X10X3/8 COLUMN,HSS10X10X3/8,structural,
HSS10X10X1/2 COLUMN,HSS10X10X1/2,structural,
HSS12X12X1/2 COLUMN,HSS12X12X1/2,structural,
HSS5X3X1/4 BEAM,HSS5X3X1/4,structural,
HSS6X4X1/4 BEAM,HSS6X4X1/4,structural,
HSS6X4X3/8 BEAM,HSS6X4X3/8,structural,
HSS8X4X1/4 BEAM,HSS8X4X1/4,structural,
HSS8X4X3/8 BEAM,HSS8X4X3/8,structural,
HSS8X6X3/8 BEAM,HSS8X6X3/8,structural,
C6X8.2 CHANNEL,C6X8.2,structural,
C8X11.5 CHANNEL,C8X11.5,structural,
C9X15 CHANNEL,C9X15,structural,
C10X15.3 CHANNEL,C10X15.3,structural,
C12X20.7 CHANNEL,C12X20.7,structural,
L3X3X1/4 ANGLE,L3X3X1/4,structural,
L3X3X3/8 ANGLE,L3X3X3/8,structural,
L4X4X1/4 ANGLE,L4X4X1/4,structural,
L4X4X3/8 ANGLE,L4X4X3/8,structural,
L4X4X1/2 ANGLE,L4X4X1/2,structural,
L5X5X3/8 ANGLE,L5X5X3/8,structural,
L5X5X1/2 ANGLE,L5X5X1/2,structural,
L6X6X3/8 ANGLE,L6X6X3/8,structural,
L6X6X1/2 ANGLE,L6X6X1/2,structural,
L4X3X1/4 ANGLE,L4X3X1/4,structural,
L4X3X3/8 ANGLE,L4X3X3/8,structural,
26K6 JOIST,26K6,joist,
26K7 JOIST,26K7,joist,
28K8 JOIST,28K8,joist,
30K8 JOIST,30K8,joist,
30K9 JOIST,30K9,joist,
30K10 JOIST,30K10,joist,
30K12 JOIST,30K12,joist,
32K9 JOIST,32K9,joist,
32K10 JOIST,32K10,joist,
24K9 JOIST,24K9,joist,
22K9 JOIST,22K9,joist,
20K7 JOIST,20K7,joist,
18K5 JOIST,18K5,joist,
16K4 JOIST,16K4,joist,
14K4 JOIST,14K4,joist,
30LH08 JOIST,30LH08,joist,
36LH09 JOIST,36LH09,joist,
40LH09 JOIST,40LH09,joist,
44LH09 JOIST,44LH09,joist,
48LH12 JOIST,48LH12,joist,
52LH12 JOIST,52LH12,joist,
60DLH12 JOIST,60DLH12,joist,
72DLH14 JOIST,72DLH14,joist,
ANCHOR ROD 3/4X12,ANCHOR_ROD_3/4X12,misc,
ANCHOR ROD 3/4X18,ANCHOR_ROD_3/4X18,misc,
ANCHOR ROD 1X12,ANCHOR_ROD_1X12,misc,
ANCHOR ROD 1X18,ANCHOR_ROD_1X18,misc,
ANCHOR ROD 1X20,ANCHOR_ROD_1X20,misc,
ANCHOR ROD 1X24,ANCHOR_ROD_1X24,misc,
ANCHOR ROD 1-1/4X18,ANCHOR_ROD_1-1/4X18,misc,
ANCHOR ROD 1-1/4X24,ANCHOR_ROD_1-1/4X24,misc,
ANCHOR ROD 1-1/2X18,ANCHOR_ROD_1-1/2X18,misc,
ANCHOR ROD 1-1/2X24,ANCHOR_ROD_1-1/2X24,misc,
HEADED STUD 3/4X4,HEADED_STUD_3/4X4,misc,
HEADED STUD 3/4X5,HEADED_STUD_3/4X5,misc,
HEADED STUD 3/4X6,HEADED_STUD_3/4X6,misc,
HEADED STUD 7/8X6,HEADED_STUD_7/8X6,misc,
EMBED PLATE 1/2X8X8,EMBED_PLATE_1/2X8X8,misc,
EMBED PLATE 1/2X12X12,EMBED_PLATE_1/2X12X12,misc,
EMBED PLATE 3/4X12X12,EMBED_PLATE_3/4X12X12,misc,
EMBED PLATE 1X12X12,EMBED_PLATE_1X12X12,misc,
BASE PLATE 1/2X12X12,PL1/2X12X12,plate,
BASE PLATE 3/4X14X14,PL3/4X14X14,plate,
BASE PLATE 1X14X14,PL1X14X14,plate,
BASE PLATE 1X16X16,PL1X16X16,plate,
BASE PLATE 1X18X18,PL1X18X18,plate,
GUSSET PLATE 1/4X6X6,PL1/4X6X6,plate,
GUSSET PLATE 3/8X8X8,PL3/8X8X8,plate,
GUSSET PLATE 1/2X10X10,PL1/2X10X10,plate,
